step,epoch,tokens_seen,loss,learning_rate,time_per_step,gpu_memory_gb
125100,1,8198553600,3.468111,1.03e-04,4.730,18.42
125200,1,8205107200,3.222214,1.03e-04,3.075,18.42
125300,1,8211660800,3.355215,1.03e-04,3.069,18.42
125400,1,8218214400,3.315941,1.03e-04,3.070,18.42
